genomic_feature(s)	population1_pct	population2_pct	pvalue	padj	Log2_fold_change	SiteLocation	NumSites	FC_direction
ITM2B:chr13:48233209-48256359:1	UTR3	0.450413223140496	0.393765675385167	2.71575398941824e-17	2.73793264699849e-14	0.645003793434725	1	2	Up
PTPRZ1:chr7:122013239-122014145:1	UTR3	0.609504132231405	0.558939448226442	8.78385058667758e-14	4.08719324606251e-11	0.558348076767042	2	3	Up
PTPRZ1:chr7:122013515-122013974:1	UTR3	0.479338842975207	0.432819777857399	5.93808753591822e-09	7.33050847036109e-07	0.538904805436621	3	3	Up
VSTM2B:chr19:29529981-29564127:1	UTR3	0.493801652892562	0.411322106771766	1.46765338669805e-13	6.3413109543832e-11	0.344702323658739	1	2	Up
TPCN2:chr11:69090050-69091130:1	UTR3	0.235537190082645	0.118953780007166	1.4692185608076e-09	2.16763489617687e-07	0.584225666802906	2	2	Up
LRRK2:chr12:40364821-40367131:1	UTR3	0.475206611570248	0.397706915084199	9.70652403400277e-09	1.03008357687163e-06	0.491299467572492	2	4	Up
LRRK2:chr12:40364793-40365531:1	UTR3	0.326446280991736	0.264421354353278	1.13217070730086e-05	0.000439006449260441	0.507704967334411	1	3	Up
LRRK2:chr12:40364943-40365411:1	UTR3	0.289256198347107	0.227517018989609	3.51743508047429e-05	0.00105331508919747	0.527600110809057	3	3	Up
SLITRK2:chrX:145828342-145828883:1	UTR3	0.148760330578512	0.100680759584378	1.62966068016625e-08	1.54028397723838e-06	0.909543374581317	2	2	Up
ADD3:chr10:110126397-110133623:1	UTR3	0.326446280991736	0.238265854532426	2.31842876079766e-08	2.15756547293309e-06	0.542484471548032	1	5	Up
FAM171B:chr2:186694060-186747260:1	UTR3	0.568181818181818	0.508419921175206	2.17349669312244e-07	1.429074075728e-05	0.29786002590081	1	2	Up
YBX1:chr1:42682418-42702460:1	UTR3	0.320247933884298	0.470440702257255	5.74338967638682e-07	3.37758054667395e-05	0.399061373238166	1	5	Up
BAALC:chr8:103212949-103228405:1	UTR3	0.297520661157025	0.287352203511286	1.53309064359269e-06	8.13479412551948e-05	0.393211824618316	1	4	Up
ITGB8:chr7:20404659-20410108:1	UTR3	0.175619834710744	0.201719813686851	1.55055090476607e-06	8.1492139335332e-05	0.771855107513118	1	13	Up
KCTD3:chr1:215619050-215620632:1	UTR3	0.165289256198347	0.0867072733787173	2.82448230798502e-06	0.000134529869929145	0.600522677522553	1	2	Up
QKI:chr6:163575337-163578592:1	UTR3	0.466942148760331	0.386958079541383	1.18707994852551e-05	0.000453824926444288	0.394677663783466	11	17	Up
QKI:chr6:163577110-163578592:1	UTR3	0.283057851239669	0.213543532783948	5.28492444359709e-05	0.00150086891827788	0.520321866049491	15	17	Up
QKI:chr6:163578026-163578592:1	UTR3	0.177685950413223	0.118953780007166	9.51396698286286e-05	0.00242007443394993	0.682184347033767	17	17	Up
TRIO:chr5:14508239-14508737:1	UTR3	0.28099173553719	0.229666786098173	1.3071765343069e-05	0.000491124897889592	0.491355300020326	1	4	Up
GRIA2:chr4:157360177-157361539:1	UTR3	0.553719008264463	0.498387674668578	1.49866729432378e-05	0.000552770638010032	0.312997255955279	1	4	Up
GRIA2:chr4:157361188-157361772:1	UTR3	0.243801652892562	0.176280902902186	3.21928547370396e-05	0.000988500397484023	0.630850688421233	2	2	Up
FBXO7:chr22:32483905-32485347:1	UTR3	0.212809917355372	0.0813328556073092	1.71631596381981e-05	0.000617975908639646	0.653169366030589	2	3	Up
PCMTD2:chr20:64264409-64273885:1	UTR3	0.380165289256198	0.38301683984235	1.78835909961538e-05	0.000640105573584227	0.43367582124296	1	14	Up
PCMTD2:chr20:64267922-64273667:1	UTR3	0.28099173553719	0.273737011823719	0.000110548834771013	0.00277472988186663	0.475506078399803	2	14	Up
SOX2:chr3:181712939-181713515:1	UTR3	0.355371900826446	0.314582586886421	4.12064442941104e-05	0.00120414387215011	0.357336535703024	1	4	Up
PPFIBP1:chr12:27634925-27654752:1	UTR3	0.448347107438017	0.378717305625224	7.35943266331672e-05	0.00194824943755687	0.325424919701291	3	5	Up
MICOS10:chr1:19597059-19626650:1	UTR3	0.206611570247934	0.219992834109638	8.7359269501603e-05	0.0022679666146575	0.365382811081451	1	3	Up
OLIG1:chr21:33071381-33072023:1	UTR3	0.318181818181818	0.32282336080258	0.000113226913610029	0.00283020496044243	0.40194202874869	1	2	Up
YTHDC2:chr5:113513789-113533036:1	UTR3	0.349173553719008	0.318165532067359	0.000114322904664446	0.00283583408803245	0.289360775203289	1	3	Up
POU3F3:chr2:104856757-104857387:1	UTR3	0.15495867768595	0.0974561089215335	0.000157359036458952	0.00368939849434185	0.651896401681342	1	3	Up
CHPT1:chr12:101697464-101728943:1	UTR3	0.5	0.48477248298101	0.00018543397912671	0.00423279298014139	0.278648525046568	1	5	Up
LUC7L3:chr17:50745851-50750561:1	UTR3	0.276859504132231	0.218917950555357	0.000206856790300177	0.00465158633652704	0.485577011383268	4	6	Up
LUC7L3:chr17:50745775-50746735:1	UTR3	0.245867768595041	0.207094231458259	0.00174104543741543	0.0237197834480314	0.431361158405706	3	5	Up
PSMA3:chr14:58252050-58267775:1	UTR3	0.198347107438017	0.213543532783948	0.0003230338280919	0.0065352228298592	0.472205637422554	1	3	Up
MARCH6:chr5:10381907-10401207:1	UTR3	0.454545454545455	0.360085990684343	0.000389185972872775	0.00776959059375385	0.305847518345662	1	2	Up
SUB1:chr5:32591600-32601441:1	UTR3	0.295454545454545	0.340021497671086	0.000457601352201179	0.00875967807963284	0.258516412486611	1	3	Up
RHOU:chr1:228737379-228744501:1	UTR3	0.21900826446281	0.183088498745969	0.000593075047561201	0.0108384016999931	0.345671114217209	1	3	Up
EID1:chr15:48878412-48878984:1	UTR3	0.256198347107438	0.239699032604801	0.00064642099442182	0.0114668639157114	0.258292769464378	1	2	Up
EPN2:chr17:19335378-19335714:1	UTR3	0.260330578512397	0.190612683625941	0.000671256925625888	0.0118035847183459	0.439498641582504	7	9	Up
EPN2:chr17:19335442-19335797:1	UTR3	0.25	0.175922608384092	0.000685827341723792	0.0120248393915572	0.457776206815796	8	9	Up
DDX3X:chrX:41333851-41337832:1	UTR3	0.183884297520661	0.102472232174848	0.000750050654349585	0.0128893647959109	0.580860884572693	1	2	Up
KAT2B:chr3:20152117-20152732:1	UTR3	0.179752066115702	0.149767108563239	0.000835729767761977	0.0140816973960785	0.495455863708738	1	4	Up
CIRBP:chr19:1271555-1272748:1	UTR3	0.378099173553719	0.358294518093873	0.00101218167511432	0.0160711933035057	0.307963177773623	3	7	Up
NTRK2:chr9:84812291-84812808:1	UTR3	0.208677685950413	0.197420279469724	0.00103198020127148	0.0162624782624127	0.499929158922714	3	9	Up
RBM6:chr3:50061835-50068926:1	UTR3	0.175619834710744	0.128269437477607	0.00109669933558022	0.0170166242942019	0.5497339315175	2	4	Up
TTC14:chr3:180609455-180610278:1	UTR3	0.305785123966942	0.226800429953422	0.00116653858086983	0.0177742868405078	0.390118954707001	7	11	Up
NASP:chr1:45606558-45606808:1	UTR3	0.152892561983471	0.112146184163382	0.00124988573164725	0.0187142544325105	0.585046987600042	4	4	Up
NASP:chr1:45606450-45606922:1	UTR3	0.179752066115702	0.144392690791831	0.00405508036574174	0.0442765002389382	0.451028557027564	3	4	Up
PAFAH1B1:chr17:2681760-2684304:1	UTR3	0.274793388429752	0.183446793264063	0.00125829854245985	0.0187474085796543	0.446749148998852	1	2	Up
SRSF11:chr1:70250003-70251395:1	UTR3	0.402892561983471	0.331422429236833	0.0013540973320841	0.0197371921970523	0.324388734763854	1	4	Up
PLP1:chrX:103791625-103792255:1	UTR3	0.109504132231405	0.235757792905769	0.00135273375947408	0.0197371921970523	0.493796712772977	1	2	Up
MAT2A:chr2:85543197-85544097:1	UTR3	0.113636363636364	0.0702257255463991	0.00169029823309102	0.0231850657867746	0.650873499363667	3	4	Up
PPP1R9A:chr7:95290397-95291087:1	UTR3	0.262396694214876	0.171264779648871	0.00198560433181729	0.0259976636432096	0.335502792481783	3	4	Up
RPRD2:chr1:150441602-150442238:1	UTR3	0.109504132231405	0.0612683625940523	0.00285952361996854	0.0341843050932602	0.621106511189424	2	2	Up
TSPAN7:chrX:38688091-38688520:1	UTR3	0.128099173553719	0.122895019706198	0.00299372253764648	0.0353870720311112	0.540576813951902	1	2	Up
PCDH7:chr4:31142660-31143196:1	UTR3	0.161157024793388	0.141884629165174	0.00314840340648351	0.0363448324538526	0.441551335803885	1	4	Up
RAB3IP:chr12:69795291-69796065:1	UTR3	0.152892561983471	0.107846649946256	0.00357312850215914	0.040025656128816	0.547281557505519	1	2	Up
ARL6IP5:chr3:69085098-69104560:1	UTR3	0.198347107438017	0.191687567180222	0.00427734012228341	0.0460384882556803	0.366447817997254	1	3	Up
ATP2A2:chr12:110281432-110296731:1	UTR3	0.340909090909091	0.320315299175923	0.00460539812917253	0.0483646758391747	0.267885331868283	2	4	Up
CHL1:chr3:408943-409417:1	UTR3	0.316115702479339	0.494446434969545	3.28282936694929e-15	1.98578348406762e-12	-0.821907097266158	6	6	Down
CHL1:chr3:406379-406973:1	UTR3	0.179752066115702	0.253314224292368	0.000223609093402915	0.0049159806329273	-0.551255377301817	3	6	Down
SETD5:chr3:9477707-9478222:1	UTR3	0.103305785123967	0.228591902543891	1.73479910824491e-14	9.53981800524858e-12	-1.37451257849903	2	2	Down
VSTM2B:chr19:29563930-29564479:1	UTR3	0.171487603305785	0.309566463633106	1.95326003417324e-13	7.87684663114263e-11	-0.884571372009342	2	2	Down
LUC7L3:chr17:50752184-50752755:1	UTR3	0.415289256198347	0.573629523468291	3.23492371829856e-11	8.89456980544908e-09	-0.541548015725319	3	3	Down
LUC7L3:chr17:50751716-50752340:1	UTR3	0.264462809917355	0.350053744177714	0.00255777131166644	0.0316399972684464	-0.35876072343012	2	3	Down
RAB31:chr18:9862125-9862551:1	UTR3	0.12396694214876	0.227517018989609	4.50914826447864e-11	1.0490706866089e-08	-1.04897921198905	2	2	Down
NDFIP1:chr5:142152349-142152865:1	UTR3	0.167355371900826	0.256897169473307	7.7708167456638e-11	1.67877394623287e-08	-0.942029494935127	3	3	Down
ITM2B:chr13:48261377-48261980:1	UTR3	0.40495867768595	0.585094948047295	7.25618555316727e-10	1.16027582892858e-07	-0.402576698762218	2	2	Down
ITM2B:chr13:48258024-48261505:1	UTR3	0.15702479338843	0.265854532425654	0.00100171355104218	0.0160711933035057	-0.47941904365071	1	2	Down
TPCN2:chr11:69088021-69088574:1	UTR3	0.0826446280991736	0.120386958079541	1.77976884450327e-09	2.53832445358668e-07	-0.997055375883609	1	2	Down
RCN2:chr15:76949507-76949940:1	UTR3	0.283057851239669	0.454675743461125	3.11714382252423e-09	4.09904412661936e-07	-0.568230949311847	3	3	Down
RCN2:chr15:76948987-76949419:1	UTR3	0.103305785123967	0.184163382300251	0.0021682748389534	0.0278469097682148	-0.582919777033844	2	3	Down
TNKS:chr8:9781922-9782346:1	UTR3	0.12396694214876	0.218559656037263	3.3930774507347e-09	4.36696287223281e-07	-0.927569146509818	4	4	Down
CLIC4:chr1:24843761-24844321:1	UTR3	0.0537190082644628	0.127552848441419	1.04809942479672e-08	1.09309541734403e-06	-1.29234893244286	2	2	Down
SLITRK2:chrX:145825358-145825896:1	UTR3	0.198347107438017	0.296667860981727	1.31661836179584e-08	1.2845523339521e-06	-0.448415341678915	1	2	Down
CHST11:chr12:104759795-104760341:1	UTR3	0.119834710743802	0.156574704407023	6.26318856836043e-08	5.05147035333497e-06	-0.914867079918892	2	3	Down
CHST11:chr12:104761550-104762014:1	UTR3	0.165289256198347	0.193479039770692	1.87810946863312e-06	9.31203620964077e-05	-0.666163424054601	3	3	Down
TRIO:chr5:14509793-14510255:1	UTR3	0.241735537190083	0.329630956646363	1.24886412673022e-07	9.10166156938687e-06	-0.56227353489058	4	4	Down
MAT2A:chr2:85544856-85545281:1	UTR3	0.216942148760331	0.295592977427445	1.71046534049772e-07	1.20309358658962e-05	-0.494059000710858	4	4	Down
TCF12:chr15:57288056-57288577:1	UTR3	0.111570247933884	0.227158724471516	1.87348308725348e-07	1.25365300254919e-05	-0.92661049147656	5	5	Down
TCF12:chr15:57287535-57288093:1	UTR3	0.0702479338842975	0.123253314224292	0.00251408157662421	0.0314208253243799	-0.736630054858233	4	5	Down
SLC6A1:chr3:11038666-11039247:1	UTR3	0.328512396694215	0.456467216051594	3.53096783439252e-07	2.2248775448167e-05	-0.442401730811047	4	4	Down
SLC6A1:chr3:11038399-11038969:1	UTR3	0.152892561983471	0.260121820136152	0.000135476333339651	0.00322636354476989	-0.570967490815517	3	4	Down
ATP2A2:chr12:110350582-110351093:1	UTR3	0.167355371900826	0.275528484414188	4.73129631559504e-07	2.88515889855033e-05	-0.745244055166812	2	2	Down
ATP2A2:chr12:110346881-110347373:1	UTR3	0.146694214876033	0.208527409530634	0.00128618384703169	0.0190223131801827	-0.521907651953411	1	2	Down
PDGFRA:chr4:54297567-54298245:1	UTR3	0.535123966942149	0.771049802938015	4.76964605480299e-07	2.88515889855033e-05	-0.264500470903505	3	3	Down
P2RX7:chr12:121187561-121188032:1	UTR3	0.12603305785124	0.185596560372626	6.24484783874262e-07	3.63221967082251e-05	-0.912407399889118	4	4	Down
LRRK2:chr12:40368792-40369285:1	UTR3	0.121900826446281	0.219634539591544	1.03590472403152e-06	5.80202562561726e-05	-0.841073252130547	4	4	Down
KCTD3:chr1:215621258-215621807:1	UTR3	0.0785123966942149	0.106771766391974	3.43972324556033e-06	0.000161293689243368	-0.810704385541926	2	2	Down
NCAM1:chr11:113277965-113278436:1	UTR3	0.252066115702479	0.386241490505195	3.57267344088181e-06	0.000163720466999198	-0.522788076618038	9	9	Down
TTC3:chr21:37202619-37203112:1	UTR3	0.204545454545455	0.253672518810462	5.63207350364855e-06	0.000250503033996839	-0.593982855610133	2	2	Down
AGAP1:chr2:236131237-236131800:1	UTR3	0.18595041322314	0.215693299892512	5.85105673138137e-06	0.00025834337348997	-0.66989663778417	4	4	Down
AGAP1:chr2:236124897-236125594:1	UTR3	0.177685950413223	0.188462916517377	0.0010971207595865	0.0170166242942019	-0.501858563053807	3	4	Down
AGAP1:chr2:236124362-236125268:1	UTR3	0.18801652892562	0.197778573987818	0.00232046549493397	0.0293650539306602	-0.44641998622798	1	4	Down
KAT2B:chr3:20153867-20154404:1	UTR3	0.270661157024793	0.363668935865281	8.21112873327598e-06	0.000342545639362665	-0.414947796623985	4	4	Down
DPY19L3:chr19:32485398-32485895:1	UTR3	0.183884297520661	0.265854532425654	8.44678289980693e-06	0.000347582243271647	-0.546157826655739	2	2	Down
REEP3:chr10:63623362-63624364:1	UTR3	0.0681818181818182	0.172339663203153	1.09130229125557e-05	0.00042865503635097	-0.961957293895837	1	2	Down
REEP3:chr10:63624101-63624650:1	UTR3	0.0971074380165289	0.185596560372626	0.00322280818933468	0.0369219066994043	-0.555942208744271	2	2	Down
RAB5A:chr3:19984700-19985175:1	UTR3	0.121900826446281	0.206735936940165	1.14602170135776e-05	0.00044154683258045	-0.703412635502574	4	4	Down
HIF3A:chr19:46342951-46343433:1	UTR3	0.181818181818182	0.348978860623432	1.22483858822843e-05	0.00046306553876211	-0.499762095067363	3	3	Down
NTM:chr11:132335754-132336636:1	UTR3	0.37603305785124	0.416338230025081	1.6935014720419e-05	0.000617107855685631	-0.398385848647776	5	7	Down
NTM:chr11:132336190-132336822:1	UTR3	0.303719008264463	0.357936223575779	3.3171827208539e-05	0.00101341607466895	-0.449154207974924	7	7	Down
NTM:chr11:132335894-132336463:1	UTR3	0.278925619834711	0.325689716947331	0.00035537111923977	0.00714166079827697	-0.408964290755707	6	7	Down
IVD:chr15:40420848-40421355:1	UTR3	0.0578512396694215	0.103905410247223	1.85167550735289e-05	0.000658869714351625	-1.08734478158639	6	6	Down
VXN:chr8:66518013-66518524:1	UTR3	0.194214876033058	0.244715155858115	1.98712730087234e-05	0.00069480537820675	-0.549721209324512	4	4	Down
ASCL1:chr12:102960066-102960513:1	UTR3	0.134297520661157	0.232533142242924	2.14870212944627e-05	0.000734321987628275	-0.623545613933975	2	2	Down
FAM171B:chr2:186765461-186765959:1	UTR3	0.0847107438016529	0.170548190612684	2.21023696057724e-05	0.000751108054748974	-0.843592877782413	4	4	Down
PPP1R9A:chr7:95295933-95296415:1	UTR3	0.12603305785124	0.148692225008957	2.31818104474458e-05	0.000770476765915382	-0.741454055101962	4	4	Down
TRIM2:chr4:153338870-153339317:1	UTR3	0.0619834710743802	0.14797563597277	2.48160700800138e-05	0.000811418421156775	-1.02925622180049	6	6	Down
MXI1:chr10:110285991-110286711:1	UTR3	0.198347107438017	0.274811895378001	2.59841256238964e-05	0.000840523935288499	-0.691951124694923	4	4	Down
QKI:chr6:163569681-163570193:1	UTR3	0.340909090909091	0.412038695807954	2.77311818066139e-05	0.000882873256569514	-0.446298506285658	14	14	Down
TMEM106B:chr7:12236832-12237315:1	UTR3	0.0661157024793388	0.163382300250806	3.19888669136016e-05	0.000988500397484023	-0.913031986016447	3	3	Down
GRIA2:chr4:157363927-157364347:1	UTR3	0.25	0.350053744177714	3.57006005786788e-05	0.0010534289409777	-0.523434049607064	2	6	Down
GRIA2:chr4:157365541-157366075:1	UTR3	0.40495867768595	0.499462558222859	0.000282906886406815	0.0059214662833039	-0.317166228652638	6	6	Down
GTF2I:chr7:74760232-74760692:1	UTR3	0.361570247933884	0.471873880329631	4.42285718411821e-05	0.00127399348127291	-0.308770760060668	2	2	Down
VCAN:chr5:83581848-83582303:1	UTR3	0.384297520661157	0.591544249372985	7.05644846520266e-05	0.00188869277725712	-0.310642755669901	5	5	Down
CIRBP:chr19:1272715-1273213:1	UTR3	0.15702479338843	0.236474381941956	8.55940861395312e-05	0.00224137933791352	-0.622808965740516	6	7	Down
TRIB2:chr2:12742243-12742734:1	UTR3	0.165289256198347	0.207094231458259	8.70011858248179e-05	0.0022679666146575	-0.507679138175603	3	3	Down
CYFIP2:chr5:157395116-157395595:1	UTR3	0.0661157024793388	0.100680759584378	0.000118865374035819	0.00291315139311647	-0.824521596611597	3	3	Down
DMTF1:chr7:87195679-87196337:1	UTR3	0.179752066115702	0.238982443568613	0.000130459484684271	0.00315659769142063	-0.540402079516844	2	2	Down
POU3F3:chr2:104858032-104858574:1	UTR3	0.264462809917355	0.317448943031172	0.000162484270872195	0.00378025905579196	-0.318540318696027	3	3	Down
WSB1:chr17:27306774-27308332:1	UTR3	0.423553719008264	0.492654962379076	0.000166103308513641	0.00384965100842534	-0.324418460949182	2	6	Down
WSB1:chr17:27306870-27307375:1	UTR3	0.0991735537190083	0.166965245431745	0.00039813099327101	0.00784460709542783	-0.690103994748977	3	5	Down
WSB1:chr17:27306739-27307803:1	UTR3	0.140495867768595	0.204586169831602	0.00169888817496255	0.0232501687111956	-0.547221775539238	1	5	Down
CHPT1:chr12:101726268-101729824:1	UTR3	0.12396694214876	0.208527409530634	0.00017431545142259	0.00400925538271957	-0.586581790704155	3	4	Down
CHPT1:chr12:101728915-101729719:1	UTR3	0.0578512396694215	0.105338588319599	0.00451039843806119	0.0476150089909811	-0.745777109742174	4	4	Down
SEPTIN2:chr2:241353255-241354027:1	UTR3	0.291322314049587	0.364385524901469	0.000224303298840789	0.0049159806329273	-0.367295697502368	3	4	Down
SEPTIN2:chr2:241353597-241354027:1	UTR3	0.227272727272727	0.287352203511286	0.00282746220251188	0.034108759161566	-0.357098440541697	4	4	Down
EIF4B:chr12:53041750-53042209:1	UTR3	0.117768595041322	0.151200286635614	0.000247395395126957	0.00528810702601146	-0.607891257863095	4	4	Down
SELENOT:chr3:150627861-150628448:1	UTR3	0.119834710743802	0.234682909351487	0.000262415616188296	0.00555018203609442	-0.568895155545674	1	5	Down
SFSWAP:chr12:131714046-131714982:1	UTR3	0.0826446280991736	0.132927266212827	0.000307739590203339	0.00637505746965752	-0.807619048180173	2	3	Down
CAMTA1:chr1:7766852-7768622:1	UTR3	0.231404958677686	0.284485847366535	0.000397696204669909	0.00784460709542783	-0.469468232968392	2	3	Down
CAMTA1:chr1:7766555-7768919:1	UTR3	0.268595041322314	0.307416696524543	0.000774569382268402	0.0132355090207389	-0.398774458082013	1	3	Down
BAALC:chr8:103227934-103228414:1	UTR3	0.0723140495867769	0.133643855249015	0.000581476138551275	0.0106586338245353	-0.744352093011176	2	4	Down
DNM3:chr1:172412234-172412792:1	UTR3	0.105371900826446	0.187029738445002	0.000644897702304578	0.0114668639157114	-0.623499691390466	3	3	Down
ACSL3:chr2:222944170-222944639:1	UTR3	0.0764462809917355	0.144750985309925	0.000688048396352604	0.0120289154610893	-0.725058056983546	5	5	Down
EID1:chr15:48879274-48879922:1	UTR3	0.0991735537190083	0.144034396273737	0.000699403016605373	0.0121921868802476	-0.582956269607676	2	2	Down
HSD17B12:chr11:43855821-43856617:1	UTR3	0.247933884297521	0.326764600501612	0.00083090930902809	0.014069134314045	-0.406152687070437	2	2	Down
MDM4:chr1:204557604-204558120:1	UTR3	0.0909090909090909	0.129702615549982	0.000832658304583914	0.014069134314045	-0.794135349680695	7	7	Down
POU3F2:chr6:98838070-98839143:1	UTR3	0.0516528925619835	0.102113937656754	0.000829797585373407	0.014069134314045	-0.899986625633657	4	4	Down
FMNL2:chr2:152649357-152649826:1	UTR3	0.0785123966942149	0.15263346470799	0.000940395541777847	0.0154158607919084	-0.725822114935314	4	4	Down
RBM6:chr3:50075094-50077306:1	UTR3	0.0743801652892562	0.135793622357578	0.000966759444816473	0.015678090835643	-0.773872742474542	3	3	Down
KMT2A:chr11:118526435-118526832:1	UTR3	0.0599173553719008	0.100680759584378	0.000977500886158155	0.0158099006961783	-0.78522798827031	3	3	Down
KMT2A:chr11:118526057-118526832:1	UTR3	0.0888429752066116	0.126477964887137	0.00399372436829433	0.0436854226108723	-0.559305784212536	2	3	Down
YBX1:chr1:42701953-42702397:1	UTR3	0.0475206611570248	0.177714080974561	0.000995936648747608	0.0160223957134954	-0.874137015813666	4	4	Down
YBX1:chr1:42701004-42702384:1	UTR3	0.0516528925619835	0.185238265854532	0.00114003808443336	0.0175027674434959	-0.830511472892181	3	4	Down
DTNA:chr18:34891008-34891458:1	UTR3	0.0661157024793388	0.110354711572913	0.00101429655178609	0.0160711933035057	-0.7716313984313	5	5	Down
DTNA:chr18:34890448-34891464:1	UTR3	0.165289256198347	0.206019347903977	0.00269058549977202	0.0328132090486309	-0.439996763978054	3	5	Down
STXBP1:chr9:127692164-127692814:1	UTR3	0.117768595041322	0.142242923683268	0.00108470116557572	0.0169107148210504	-0.655448041554617	2	2	Down
CCDC144A:chr17:16776453-16777791:1	UTR3	0.31404958677686	0.452167681834468	0.00112991937979345	0.0173915580874569	-0.302769851623868	1	4	Down
CCDC144A:chr17:16777353-16777881:1	UTR3	0.258264462809917	0.401289860265138	0.0022416549418888	0.0284271923343509	-0.319523113016833	4	4	Down
PLP1:chrX:103792115-103792619:1	UTR3	0.0991735537190083	0.369043353636689	0.00134244994445477	0.0197099022184633	-0.396635105589772	2	2	Down
ZNF451:chr6:57169709-57170305:1	UTR3	0.0805785123966942	0.118953780007166	0.00144191555907112	0.0206197333730997	-0.715004525465778	2	2	Down
KIZ:chr20:21244208-21246591:1	UTR3	0.0867768595041322	0.127911142959513	0.00147608557907791	0.0209710059839194	-0.669061977275318	3	3	Down
ZKSCAN1:chr7:100041219-100041689:1	UTR3	0.0971074380165289	0.123611608742386	0.00162966931595612	0.0225580542156031	-0.631592742865501	9	9	Down
CCND2:chr12:4304934-4305353:1	UTR3	0.105371900826446	0.121103547115729	0.00178043668687452	0.0240398694618392	-0.563064358635127	2	2	Down
SREK1:chr5:66179967-66181173:1	UTR3	0.0640495867768595	0.125044786814762	0.00194138708124439	0.0255848593778809	-0.813223910800742	2	2	Down
MTDH:chr8:97725824-97726384:1	UTR3	0.0743801652892562	0.116087423862415	0.00204690675634197	0.0265133596769006	-0.69445667643664	3	3	Down
ZNF326:chr1:90005039-90005935:1	UTR3	0.103305785123967	0.155499820852741	0.00219410346944476	0.0281189234887105	-0.590733579802952	4	4	Down
MAPT:chr17:46027917-46028334:1	UTR3	0.0743801652892562	0.111429595127195	0.002228659037618	0.0283813863548449	-0.729489114710134	4	4	Down
RBL2:chr16:53491124-53491648:1	UTR3	0.0702479338842975	0.114654245790039	0.00222406508482504	0.0283813863548449	-0.670384895895907	2	2	Down
ITGB8:chr7:20415326-20415754:1	UTR3	0.146694214876033	0.342529559297743	0.0028542183390374	0.0341843050932602	-0.45072774334544	13	13	Down
PCDH17:chr13:57728867-57729311:1	UTR3	0.0805785123966942	0.152991759226084	0.00302840161898101	0.0355704881421673	-0.637794970515622	5	5	Down
RHOU:chr1:228746181-228746664:1	UTR3	0.0847107438016529	0.122536725188105	0.00351665686470567	0.0395395118487074	-0.580020600978482	3	3	Down
RAB3IP:chr12:69818605-69819315:1	UTR3	0.0971074380165289	0.139376567538517	0.00380212619804683	0.0419690900948636	-0.57677595740801	8	11	Down
MACF1:chr1:39486496-39487054:1	UTR3	0.190082644628099	0.234324614833393	0.00418690474696647	0.045306953156351	-0.413014587656986	5	5	Down
NASP:chr1:45617420-45618292:1	UTR3	0.0723140495867769	0.121103547115729	0.00441706458313552	0.0468944985286954	-0.755090640588788	3	3	Down
NASP:chr1:45616362-45618298:1	UTR3	0.0805785123966942	0.13041920458617	0.00463261619383918	0.048566196458463	-0.721043694834461	2	3	Down
TMBIM6:chr12:49764817-49764934:1	UTR3	0.0681818181818182	0.144034396273737	0.00471607082426472	0.0490878530595825	-0.679680612920669	6	6	Down
APP:chr21:25897589-25975439:-1	UTR3	0.768595041322314	0.711931207452526	4.32904708305933e-16	3.27330072567824e-13	0.336729627008916	2	3	Up
APP:chr21:25881415-25955648:-1	UTR3	0.727272727272727	0.686850591185955	3.07058661721044e-13	1.16087365296912e-10	0.321275975667271	3	3	Up
APP:chr21:25911698-25955926:-1	UTR3	0.644628099173554	0.587961304192046	6.26320352062662e-13	1.99400621559318e-10	0.38552942372945	1	3	Up
COL9A1:chr6:70216601-70217113:-1	UTR3	0.427685950413223	0.309208169115013	1.58242984514132e-12	4.78605906662992e-10	0.669311514982803	1	2	Up
SDC3:chr1:30869936-30870068:-1	UTR3	0.231404958677686	0.155499820852741	9.5371635691856e-12	2.7471572585716e-09	1.02130164377862	1	8	Up
SDC3:chr1:30869902-30870016:-1	UTR3	0.31198347107438	0.229666786098173	3.6658116516228e-11	9.64108464376795e-09	0.811440006937548	2	8	Up
SDC3:chr1:30869878-30870142:-1	UTR3	0.371900826446281	0.30060910068076	4.44519851756362e-11	1.0490706866089e-08	0.698278391991604	4	8	Up
SDC3:chr1:30869892-30869976:-1	UTR3	0.320247933884298	0.245073450376209	1.20511462595025e-10	2.51370288702519e-08	0.76807520023242	3	8	Up
TMED10:chr14:75134862-75176612:-1	UTR3	0.392561983471074	0.357577929057685	5.92971743904804e-10	1.02482459396576e-07	0.388485062250135	1	3	Up
DDX17:chr22:38483724-38484564:-1	UTR3	0.466942148760331	0.312432819777857	2.84804715745365e-09	3.82840827898603e-07	0.552762506311096	7	10	Up
DDX17:chr22:38483633-38484807:-1	UTR3	0.71900826446281	0.578645646721605	5.75121170949606e-07	3.37758054667395e-05	0.299855111149512	8	10	Up
DDX17:chr22:38484269-38484749:-1	UTR3	0.177685950413223	0.109279828018631	0.000136937603461887	0.00324837475819983	0.653325444356676	5	10	Up
DDX17:chr22:38484209-38484893:-1	UTR3	0.216942148760331	0.142959512719455	0.000155670501777412	0.00367133583264908	0.559066659360989	6	10	Up
DDX5:chr17:64500056-64501340:-1	UTR3	0.380165289256198	0.314940881404514	6.13681828125921e-09	7.4243227566674e-07	0.584374799136826	3	4	Up
DDX5:chr17:64500377-64500905:-1	UTR3	0.293388429752066	0.229308491580079	8.43283141018841e-06	0.000347582243271647	0.549137826998126	2	3	Up
DDX5:chr17:64500705-64501311:-1	UTR3	0.210743801652893	0.164457183805088	6.50430727858496e-05	0.00176860652443887	0.600811813360055	1	3	Up
SPARCL1:chr4:87473676-87480565:-1	UTR3	0.262396694214876	0.242923683267646	8.7818015994163e-09	9.48591390622665e-07	0.57746200249877	1	2	Up
HNRNPA2B1:chr7:26192290-26192494:-1	UTR3	0.204545454545455	0.1461841633823	1.36168067839458e-08	1.30742959104902e-06	0.931901646480697	1	15	Up
HNRNPA2B1:chr7:26192198-26192678:-1	UTR3	0.258264462809917	0.223934073808671	1.66309984080798e-06	8.525500794108e-05	0.654006682798234	3	15	Up
HNRNPA2B1:chr7:26192272-26192374:-1	UTR3	0.179752066115702	0.148692225008957	1.66463485933128e-05	0.000610265228126963	0.736359115030135	2	15	Up
HNRNPA2B1:chr7:26191044-26191314:-1	UTR3	0.101239669421488	0.0856323898244357	0.00132864366136126	0.0195546606023705	0.731859233284351	6	15	Up
HNRNPA2B1:chr7:26190865-26191273:-1	UTR3	0.136363636363636	0.124328197778574	0.00141103710308431	0.0203222938965643	0.61243371620226	7	15	Up
TNR:chr1:175319203-175320241:-1	UTR3	0.394628099173554	0.363310641347187	5.75583839742371e-08	4.76946115972822e-06	0.544772906567665	6	12	Up
TNR:chr1:175319324-175319996:-1	UTR3	0.31198347107438	0.277319957004658	3.43773825367458e-07	2.18893459962922e-05	0.600394569552094	5	12	Up
TNR:chr1:175319944-175320502:-1	UTR3	0.208677685950413	0.183446793264063	2.40962815097411e-05	0.000796494026515978	0.639222980420571	4	12	Up
TNR:chr1:175321512-175322310:-1	UTR3	0.272727272727273	0.264063059835185	6.21263712790262e-05	0.00170046343831145	0.502491412795181	1	12	Up
GPM6A:chr4:175634594-175673787:-1	UTR3	0.652892561983471	0.736295234682909	3.80077386732195e-07	2.34600827790107e-05	0.277960002177194	3	8	Up
GPM6A:chr4:175634717-175651968:-1	UTR3	0.512396694214876	0.62164098889287	0.000155981700940786	0.00367133583264908	0.263950246438266	2	8	Up
CTTNBP2:chr7:117711481-117712087:-1	UTR3	0.150826446280992	0.101397348620566	8.64339666517548e-07	4.88634639510715e-05	0.781618504291057	1	2	Up
MCAM:chr11:119308865-119309718:-1	UTR3	0.183884297520661	0.111787889645288	1.17772498064968e-06	6.53583340178891e-05	0.518491133080809	1	2	Up
KCNQ2:chr20:63433639-63439683:-1	UTR3	0.425619834710744	0.342529559297743	1.6957082151299e-06	8.61961259942919e-05	0.252400716981064	1	2	Up
FTH1:chr11:61965041-61967561:-1	UTR3	0.202479338842975	0.296309566463633	3.29986860196541e-06	0.000155944571666318	0.684237797800609	1	3	Up
CSGALNACT1:chr8:19405660-19408942:-1	UTR3	0.146694214876033	0.136510211393766	6.11860466539613e-06	0.000268198837833197	0.478740480445472	1	2	Up
SEMA5A:chr5:9041337-9041931:-1	UTR3	0.136363636363636	0.135435327839484	1.37195363327049e-05	0.000512280711583532	0.743176646555865	2	3	Up
SRSF2:chr17:76735708-76737243:-1	UTR3	0.12396694214876	0.0784664994625582	1.88321976055597e-05	0.000666175224070355	0.890371463823764	1	4	Up
SRSF2:chr17:76735210-76736452:-1	UTR3	0.119834710743802	0.0913651021139377	0.00415755872113688	0.0450700227673064	0.585845233440078	2	4	Up
ACSL6:chr5:131954348-131970462:-1	UTR3	0.167355371900826	0.132927266212827	2.26380503944305e-05	0.000758737845618859	0.629983076703541	1	2	Up
PMP22:chr17:15230786-15239705:-1	UTR3	0.18595041322314	0.134718738803296	5.76846564031128e-05	0.00159330815791063	0.479186033195488	1	2	Up
PCDH9:chr13:67204584-67205254:-1	UTR3	0.198347107438017	0.181655320673594	6.5200736477082e-05	0.00176860652443887	0.633031245174273	21	27	Up
PCDH9:chr13:67207976-67209015:-1	UTR3	0.225206611570248	0.216051594410606	0.00031406332639506	0.00642165596996961	0.536806571540486	15	27	Up
PCDH9:chr13:67207550-67208780:-1	UTR3	0.225206611570248	0.219634539591544	0.00320310847885418	0.0368357475068231	0.440539202670359	17	27	Up
PCDH9:chr13:67203723-67205037:-1	UTR3	0.272727272727273	0.290576854174131	0.00375200639843684	0.0416438288149439	0.366369753269256	22	27	Up
SCD5:chr4:82629898-82630292:-1	UTR3	0.338842975206612	0.375134360444285	7.28712250131147e-05	0.00194184158636269	0.415560412067212	5	6	Up
POLR2J3:chr7:102566003-102566328:-1	UTR3	0.12603305785124	0.107488355428162	9.20686632947625e-05	0.00236988657136178	0.771834742436175	1	4	Up
TAOK3:chr12:118150913-118152533:-1	UTR3	0.400826446280992	0.273378717305625	0.000118430098287675	0.00291315139311647	0.311528766869344	1	3	Up
HNRNPDL:chr4:82426501-82427491:-1	UTR3	0.278925619834711	0.229666786098173	0.00012827953448845	0.00311631688401861	0.495576255110097	2	7	Up
SLC1A2:chr11:35252006-35252996:-1	UTR3	0.109504132231405	0.0798996775349337	0.000131374330667572	0.00316606902871769	0.891585596734304	16	18	Up
PCDH15:chr10:53822535-53822934:-1	UTR3	0.140495867768595	0.079183088498746	0.00018494554399391	0.00423279298014139	0.710842722635042	1	3	Up
PCDH15:chr10:53821979-53822441:-1	UTR3	0.285123966942149	0.209602293084916	0.00158797148929857	0.0221839250317946	0.345460969355578	2	3	Up
HP1BP3:chr1:20743064-20743619:-1	UTR3	0.159090909090909	0.130777499104264	0.000236963888585194	0.00513761491774852	0.575419622277926	1	2	Up
GOLGA8A:chr15:34379413-34379978:-1	UTR3	0.241735537190083	0.228950197061985	0.000276669281723978	0.00583126301445415	0.471018035586264	3	4	Up
TMEM167A:chr5:83056599-83077614:-1	UTR3	0.272727272727273	0.337871730562522	0.000338839473866605	0.00683213325806364	0.351989177616673	1	6	Up
TCF4:chr18:55228281-55228995:-1	UTR3	0.117768595041322	0.067717663919742	0.000392238582085592	0.00779485620052484	0.888591602312196	1	3	Up
RSRP1:chr1:25245036-25247037:-1	UTR3	0.278925619834711	0.234682909351487	0.000414590284129859	0.00808986009258553	0.440607734800934	1	10	Up
MTSS1:chr8:124551054-124551684:-1	UTR3	0.21900826446281	0.1812970261555	0.000480875264220898	0.00911854066856493	0.461330203687727	1	3	Up
ZCCHC24:chr10:79384780-79385301:-1	UTR3	0.198347107438017	0.138301683984235	0.000492449598656393	0.00925101746047367	0.646973113943777	1	5	Up
TMEM123:chr11:102398768-102452895:-1	UTR3	0.12603305785124	0.133643855249015	0.000650458823590247	0.0115047527014544	0.350995598716596	1	2	Up
BCAS1:chr20:53944747-53953579:-1	UTR3	0.285123966942149	0.245431744894303	0.000760500021113993	0.0130319111266814	0.312953876579063	1	3	Up
CSNK1E:chr22:38291799-38292615:-1	UTR3	0.258264462809917	0.20351128627732	0.000947287548254801	0.0154451277072595	0.326231192494057	1	2	Up
ANKRD36C:chr2:95902518-95923783:-1	UTR3	0.514462809917355	0.436402723038337	0.0010411986959446	0.0163589893812179	0.271025339568469	9	10	Up
CTNND2:chr5:10972034-10973672:-1	UTR3	0.163223140495868	0.12396990326048	0.00107654896281093	0.0168269888269853	0.563958566423507	4	4	Up
CTNND2:chr5:10972069-10974361:-1	UTR3	0.15702479338843	0.120028663561448	0.00385488484770594	0.0423967244432241	0.510773661015636	3	4	Up
SCARB2:chr4:76176402-76214329:-1	UTR3	0.5	0.512719455392333	0.00111172807726485	0.0171552120902425	0.278949421027655	2	3	Up
PMP2:chr8:81442096-81442743:-1	UTR3	0.117768595041322	0.120386958079541	0.0012630229939931	0.018771562876325	0.637834604983995	2	6	Up
H3F3B:chr17:75778447-75778651:-1	UTR3	0.128099173553719	0.101397348620566	0.0013252327919707	0.0195520320942214	0.606002961442549	2	4	Up
H3F3B:chr17:75778472-75779085:-1	UTR3	0.130165289256198	0.102113937656754	0.00181214553793887	0.0243592630199828	0.590886670140556	1	4	Up
NTRK3:chr15:87874172-87874646:-1	UTR3	0.159090909090909	0.107130060910068	0.0015546915314574	0.0218705327297345	0.547717138230083	3	5	Up
HIP1:chr7:75534359-75534998:-1	UTR3	0.202479338842975	0.137943389466141	0.00155915001248443	0.0218823629362373	0.415147987519015	3	4	Up
TMEM30A:chr6:75255913-75284948:-1	UTR3	0.216942148760331	0.255822285919025	0.00159950296489115	0.0222935332595083	0.371804691047176	1	7	Up
PPFIA2:chr12:81341022-81344760:-1	UTR3	0.148760330578512	0.0867072733787173	0.00167442367288603	0.0230195199938355	0.613248244433007	1	3	Up
SARAF:chr8:30063429-30067147:-1	UTR3	0.208677685950413	0.266929415979936	0.00188376002069896	0.0250988201876829	0.380708083459243	1	2	Up
SERPINE2:chr2:223975731-223985278:-1	UTR3	0.340909090909091	0.34037979218918	0.00197451737514158	0.0259085804820639	0.363988343931658	1	12	Up
HNRNPU:chr1:244846665-244847403:-1	UTR3	0.105371900826446	0.0580437119312074	0.00201813788010136	0.0263097328377869	0.756318399352259	2	4	Up
RAB14:chr9:121181247-121183471:-1	UTR3	0.181818181818182	0.158366176997492	0.00215787168421399	0.027772267697469	0.39675646660275	1	3	Up
NLGN4X:chrX:5892151-5892647:-1	UTR3	0.128099173553719	0.149050519527051	0.00240674980849935	0.0302813904066525	0.539529274689649	1	4	Up
DOCK9:chr13:98793843-98797423:-1	UTR3	0.235537190082645	0.162665711214618	0.00272571545491496	0.0331081381260654	0.458837252766317	1	2	Up
PXDN:chr2:1632310-1632484:-1	UTR3	0.105371900826446	0.0687925474740236	0.00276815033024861	0.0334890826953476	0.587743375519627	1	2	Up
ZMYND8:chr20:47210368-47210984:-1	UTR3	0.12603305785124	0.147617341454676	0.0030263190449883	0.0355704881421673	0.42209483727991	1	2	Up
LUC7L:chr16:227353-228127:-1	UTR3	0.175619834710744	0.128986026513794	0.00312621579876572	0.0361577043340991	0.485244717127518	2	6	Up
CADM1:chr11:115174513-115175455:-1	UTR3	0.128099173553719	0.0899319240415622	0.00317382824855008	0.036568546810437	0.603507058705874	4	8	Up
STAG1:chr3:136502590-136521534:-1	UTR3	0.305785123966942	0.283769258330348	0.00324735060379449	0.0371327482086065	0.313134452997815	2	2	Up
PIP4K2A:chr10:22536905-22551071:-1	UTR3	0.152892561983471	0.145467574346113	0.00372250347745705	0.0413923226748855	0.298250190713528	1	2	Up
SLITRK3:chr3:165187811-165188309:-1	UTR3	0.109504132231405	0.111071300609101	0.00424593631055818	0.0458144054841194	0.46657158976156	1	2	Up
CADM4:chr19:43623234-43625498:-1	UTR3	0.132231404958678	0.109638122536725	0.00465750252476443	0.0486584331127808	0.494248139679026	1	3	Up
CAPRIN2:chr12:30735069-30753887:-1	UTR3	0.28099173553719	0.221426012182014	0.00470790567796381	0.0490878530595825	0.256496943782126	1	3	Up
APP:chr21:25880550-25881814:-1	UTR3	0.34504132231405	0.55965603726263	9.25027020429674e-23	2.79774422328955e-19	-0.88306806616565	7	7	Down
APP:chr21:25880550-25882376:-1	UTR3	0.349173553719008	0.561089215335005	1.60842841367605e-22	3.24312782477547e-19	-0.874746342330647	6	7	Down
APP:chr21:25880550-25891846:-1	UTR3	0.425619834710744	0.60874238624149	6.09507467736956e-18	8.11408955656292e-15	-0.687418477575508	5	7	Down
APP:chr21:25880926-25881304:-1	UTR3	0.208677685950413	0.36725188104622	4.53829133026447e-13	1.52511801426499e-10	-0.909164360638331	3	7	Down
APP:chr21:25880604-25880676:-1	UTR3	0.0681818181818182	0.165890361877463	2.89475308307794e-07	1.86280440420622e-05	-1.14712158568758	4	7	Down
DDX5:chr17:64499590-64500022:-1	UTR3	0.706611570247934	0.800429953421713	6.70696772736231e-18	8.11408955656292e-15	-0.439951641771438	2	3	Down
TNR:chr1:175315306-175315318:-1	UTR3	0.235537190082645	0.511644571838051	3.96187137084038e-16	3.27330072567824e-13	-0.928964564491996	10	12	Down
SCN1A:chr2:165989107-165989599:-1	UTR3	0.111570247933884	0.242207094231458	3.03596559200482e-15	1.98578348406762e-12	-1.34811577679508	4	4	Down
SDC3:chr1:30869466-30869702:-1	UTR3	0.392561983471074	0.584378359011107	1.88175797978469e-10	3.55711063116174e-08	-0.513769519860983	6	8	Down
SDC3:chr1:30869466-30869559:-1	UTR3	0.121900826446281	0.255463991400932	1.06641789959051e-08	1.09334947027509e-06	-0.950146942707781	7	8	Down
COL9A1:chr6:70216029-70216590:-1	UTR3	0.270661157024793	0.374417771408097	7.29469962704641e-10	1.16027582892858e-07	-0.612878632910964	2	2	Down
GNG7:chr19:2511219-2511625:-1	UTR3	0.107438016528926	0.1637405947689	1.02245108111496e-09	1.5462016474161e-07	-1.12073558305848	4	4	Down
NRCAM:chr7:108147623-108148336:-1	UTR3	0.5	0.610892153350054	1.8463593314236e-09	2.53832445358668e-07	-0.433460388653936	12	12	Down
PLPP3:chr1:56494761-56495105:-1	UTR3	0.28099173553719	0.384091723396632	1.84156801170123e-09	2.53832445358668e-07	-0.585105308925751	4	4	Down
BCAS1:chr20:53943476-53944014:-1	UTR3	0.0743801652892562	0.168756718022214	5.32661812518164e-09	6.71264854983828e-07	-1.14290306985345	3	3	Down
DOCK9:chr13:98793429-98793972:-1	UTR3	0.136363636363636	0.209243998566822	6.37048901150827e-09	7.55589961384579e-07	-0.945780911526743	2	2	Down
SPARCL1:chr4:87473335-87473753:-1	UTR3	0.297520661157025	0.445360085990684	7.82294853815039e-09	9.06874093079679e-07	-0.373038265047326	2	2	Down
DDX17:chr22:38483438-38483821:-1	UTR3	0.673553719008264	0.70584020064493	8.25946176094733e-09	9.25212670221674e-07	-0.32035360367047	10	10	Down
ANKS1B:chr12:98743821-98744595:-1	UTR3	0.0640495867768595	0.153350053744178	1.15710714964329e-08	1.14743297511348e-06	-1.25554108354058	3	3	Down
ANKS1B:chr12:98744567-98745293:-1	UTR3	0.159090909090909	0.218559656037263	0.00191910937118174	0.025401953142841	-0.452084450103362	2	3	Down
PCDH15:chr10:53806214-53806742:-1	UTR3	0.21900826446281	0.280186313149409	2.36220770808686e-08	2.16499915548749e-06	-0.616043280091661	1	2	Down
SEMA5A:chr5:9035033-9035334:-1	UTR3	0.208677685950413	0.379433894661412	2.79913714441972e-08	2.45391022994128e-06	-0.445150007823705	3	3	Down
PTN:chr7:137227341-137227892:-1	UTR3	0.305785123966942	0.472948763883913	3.72328928115951e-08	3.1721375861597e-06	-0.547972784933161	3	4	Down
PTN:chr7:137227341-137227696:-1	UTR3	0.243801652892562	0.394482264421354	8.77285506811894e-06	0.000358560812885483	-0.512088893316787	4	4	Down
C1orf61:chr1:156404250-156404595:-1	UTR3	0.611570247933884	0.668577570763167	5.07295480747714e-08	4.26198661533739e-06	-0.318726017373348	3	3	Down
ANKRD11:chr16:89305274-89490552:-1	UTR3	0.669421487603306	0.662844858473665	5.9350141820445e-08	4.85147307934962e-06	-0.287047234777498	1	2	Down
CD47:chr3:108043171-108043885:-1	UTR3	0.103305785123967	0.150125403081333	7.23400281658809e-08	5.7576951365186e-06	-1.02706434250332	6	6	Down
DST:chr6:56458048-56458245:-1	UTR3	0.0805785123966942	0.182371909709781	1.03364354937696e-07	8.01603824382211e-06	-1.13873344136285	6	7	Down
DST:chr6:56458101-56458162:-1	UTR3	0.0495867768595041	0.127911142959513	1.84667622276969e-07	1.25365300254919e-05	-1.38728424637524	3	7	Down
DST:chr6:56458084-56458174:-1	UTR3	0.0661157024793388	0.142242923683268	3.49131319776094e-06	0.000162453488717353	-1.0962236488215	4	7	Down
DST:chr6:56457987-56459031:-1	UTR3	0.229338842975207	0.326764600501612	5.42286426582142e-05	0.00152571655553273	-0.548313721211906	7	7	Down
DST:chr6:56458074-56459623:-1	UTR3	0.237603305785124	0.328914367610176	0.000222233549710755	0.0049061705919721	-0.493228028378434	5	7	Down
ATP13A4:chr3:193398967-193399338:-1	UTR3	0.132231404958678	0.257255463991401	1.05152342320028e-07	8.05147492017535e-06	-0.85054189844786	3	3	Down
CLASP2:chr3:33496944-33497430:-1	UTR3	0.274793388429752	0.361519168756718	1.21872095120882e-07	8.99029638275874e-06	-0.60118501570185	4	7	Down
CLASP2:chr3:33496876-33497554:-1	UTR3	0.297520661157025	0.375850949480473	1.25748381058956e-06	6.91501779114202e-05	-0.532282540576881	5	7	Down
CLASP2:chr3:33496673-33497921:-1	UTR3	0.347107438016529	0.426370476531709	1.62731691614823e-06	8.41336754340227e-05	-0.470265057319177	6	7	Down
H3F3B:chr17:75777405-75777914:-1	UTR3	0.175619834710744	0.285202436402723	1.79657570796313e-07	1.24913637442172e-05	-0.663532935048059	4	4	Down
PNISR:chr6:99398581-99399193:-1	UTR3	0.119834710743802	0.202436402723038	4.82679105082318e-07	2.89081772934944e-05	-0.982423444950877	3	3	Down
PNISR:chr6:99399903-99400393:-1	UTR3	0.0888429752066116	0.14152633464708	0.000188754371891658	0.00429238795328059	-0.794670592200929	2	3	Down
TMEM59:chr1:54031611-54032169:-1	UTR3	0.107438016528926	0.216768183446793	6.81869553946296e-07	3.92821803030585e-05	-0.812332400836678	3	3	Down
CTTNBP2:chr7:117710651-117711088:-1	UTR3	0.130165289256198	0.207094231458259	7.5687303281039e-07	4.31917450516042e-05	-0.534532524862628	2	2	Down
CSNK1E:chr22:38290691-38291326:-1	UTR3	0.163223140495868	0.289143676101756	1.30615524319178e-06	7.0664354878371e-05	-0.890251711382041	2	2	Down
MCAM:chr11:119308529-119308884:-1	UTR3	0.0661157024793388	0.104621999283411	1.30838283127419e-06	7.0664354878371e-05	-0.881562123310349	2	2	Down
KCNQ2:chr20:63433634-63433999:-1	UTR3	0.134297520661157	0.192045861698316	1.8735951114924e-06	9.31203620964077e-05	-0.684333481081039	2	2	Down
LANCL1:chr2:210431249-210431624:-1	UTR3	0.0537190082644628	0.125044786814762	5.15702151478323e-06	0.000231072764021657	-1.12115882538655	4	4	Down
CSGALNACT1:chr8:19404161-19404464:-1	UTR3	0.0516528925619835	0.11286277319957	6.81494396623802e-06	0.000296572633465999	-0.988620991275368	2	2	Down
SARAF:chr8:30063003-30063596:-1	UTR3	0.297520661157025	0.496237907560014	1.0903330173712e-05	0.00042865503635097	-0.298454434108158	2	2	Down
TMED10:chr14:75134184-75134760:-1	UTR3	0.0702479338842975	0.144034396273737	1.19289408670263e-05	0.000453824926444288	-0.93908668989683	2	3	Down
TMED10:chr14:75131469-75131865:-1	UTR3	0.163223140495868	0.233966320315299	0.000462613296239818	0.00879983594010899	-0.483024412075705	3	3	Down
SPOCK3:chr4:166733384-166733852:-1	UTR3	0.0475206611570248	0.113221067717664	1.40765481463159e-05	0.000522386746853158	-1.17800207020996	4	4	Down
SPOCK3:chr4:166734574-166737647:-1	UTR3	0.0702479338842975	0.121461841633823	0.00135743521046534	0.0197382826637135	-0.763548522190627	2	4	Down
NAPEPLD:chr7:103099776-103100177:-1	UTR3	0.0950413223140496	0.148692225008957	1.93795037347044e-05	0.000681550105181553	-0.790170226806224	3	3	Down
LUC7L:chr16:188969-189425:-1	UTR3	0.216942148760331	0.273378717305625	2.05575739548315e-05	0.000710587227730146	-0.555989372301592	2	2	Down
LUC7L:chr16:188969-190125:-1	UTR3	0.237603305785124	0.290218559656037	5.64475072049927e-05	0.00158079153279167	-0.511785340655624	1	2	Down
CREBZF:chr11:85659708-85660146:-1	UTR3	0.113636363636364	0.167323539949839	2.27031823536144e-05	0.000758737845618859	-0.748902674644602	3	3	Down
HNRNPU:chr1:244853043-244854447:-1	UTR3	0.117768595041322	0.17484772482981	2.50499581587184e-05	0.000814662348935954	-0.798224384214744	2	5	Down
HNRNPU:chr1:244853353-244853780:-1	UTR3	0.0743801652892562	0.112504478681476	0.0016450522956827	0.0227189984853532	-0.812843351608376	1	5	Down
SCARB2:chr4:76158737-76159094:-1	UTR3	0.235537190082645	0.400931565747044	2.64443879278667e-05	0.000849546891362189	-0.518765573371463	10	10	Down
HNRNPA2B1:chr7:26189946-26190618:-1	UTR3	0.34297520661157	0.489788606234325	3.19778030399855e-05	0.000988500397484023	-0.38506793849885	10	15	Down
HNRNPA2B1:chr7:26189798-26190758:-1	UTR3	0.355371900826446	0.499462558222859	5.34847011932218e-05	0.00151181755849439	-0.366102630566838	12	15	Down
HNRNPA2B1:chr7:26189637-26190909:-1	UTR3	0.37603305785124	0.504478681476173	0.000523879279370375	0.00978069679293641	-0.304637086187791	13	15	Down
HNRNPA2B1:chr7:26189517-26190222:-1	UTR3	0.208677685950413	0.316732353994984	0.000900086488643506	0.01487601958963	-0.428483721728705	15	15	Down
PPFIA2:chr12:81258229-81258700:-1	UTR3	0.0661157024793388	0.104263704765317	3.21568101815082e-05	0.000988500397484023	-1.0024837679775	3	3	Down
NDUFB8:chr10:100523740-100523924:-1	UTR3	0.0723140495867769	0.15729129344321	3.3441299235188e-05	0.00101651466871182	-0.819661190087663	2	2	Down
HIP1:chr7:75533298-75533719:-1	UTR3	0.115702479338843	0.167323539949839	3.41800551692597e-05	0.00103377576859426	-0.828541631641265	4	4	Down
PCDH9:chr13:67224655-67225201:-1	UTR3	0.216942148760331	0.365460408455751	3.54173258863331e-05	0.0010534289409777	-0.529995179435804	2	27	Down
CCDC88A:chr2:55287842-55289017:-1	UTR3	0.196280991735537	0.302758867789323	3.56481383213197e-05	0.0010534289409777	-0.574696260281762	7	7	Down
CCDC88A:chr2:55288226-55288484:-1	UTR3	0.0971074380165289	0.160874238624149	0.00414997629036427	0.04506859350164	-0.584034624902644	5	7	Down
CADM1:chr11:115173579-115174172:-1	UTR3	0.190082644628099	0.280186313149409	4.51670157173725e-05	0.0012948591377933	-0.560556552711214	7	8	Down
PTK2:chr8:140658355-140658865:-1	UTR3	0.130165289256198	0.174489430311716	4.95043996424604e-05	0.0014125099690436	-0.734756064907179	2	3	Down
PTK2:chr8:140658485-140660027:-1	UTR3	0.190082644628099	0.216409888928699	0.000432598800272586	0.00836035189408585	-0.531666120404271	1	3	Down
PMP22:chr17:15229777-15230191:-1	UTR3	0.136363636363636	0.185596560372626	5.8144409382502e-05	0.00159870696524888	-0.491920819921003	2	2	Down
SPAG9:chr17:50962174-50962591:-1	UTR3	0.202479338842975	0.24793980652096	7.37558474459455e-05	0.00194824943755687	-0.443162145136076	2	2	Down
CCNI:chr4:77047155-77047513:-1	UTR3	0.0516528925619835	0.125403081332856	0.000118953280558732	0.00291315139311647	-0.925472327728239	2	2	Down
CADM4:chr19:43622368-43622838:-1	UTR3	0.305785123966942	0.436044428520244	0.000120587391329884	0.0029412626215906	-0.349541168436303	3	3	Down
SRSF2:chr17:76734115-76734499:-1	UTR3	0.136363636363636	0.231458258688642	0.00015885081791906	0.00370999458529881	-0.530309378188497	4	4	Down
CLK1:chr2:200853009-200853440:-1	UTR3	0.18801652892562	0.235041203869581	0.000231668389599642	0.00504087082261954	-0.485553778165424	3	3	Down
CLK1:chr2:200853009-200853981:-1	UTR3	0.202479338842975	0.240773916159083	0.00147688023626214	0.0209710059839194	-0.403794966808142	2	3	Down
UBE2G2:chr21:44769002-44769450:-1	UTR3	0.0743801652892562	0.131135793622358	0.000286380374983312	0.0059529721246531	-0.748177462975811	3	3	Down
POLR2J3:chr7:102562625-102563117:-1	UTR3	0.0991735537190083	0.211035471157291	0.000400045124141409	0.0078567303764006	-0.651828284950581	4	4	Down
GPM6A:chr4:175634100-175635007:-1	UTR3	0.382231404958678	0.569688283769258	0.000426987959723682	0.00827836592425817	-0.303915350557271	5	8	Down
LIFR:chr5:38474863-38475557:-1	UTR3	0.212809917355372	0.236116087423862	0.000459041331310566	0.00875967807963284	-0.418407922440013	2	2	Down
SELENOF:chr1:86862563-86863301:-1	UTR3	0.0764462809917355	0.138659978502329	0.000488770195507911	0.00923928410196049	-0.702077084151093	2	2	Down
SCN3A:chr2:165087522-165087847:-1	UTR3	0.0661157024793388	0.122895019706198	0.000527741175440663	0.00982248113920175	-0.838992217901472	2	2	Down
ZMAT1:chrX:101882288-101882776:-1	UTR3	0.0413223140495868	0.104980293801505	0.000553067324727281	0.0102308998387625	-1.00591306583365	8	8	Down
TRIM9:chr14:50975262-50975604:-1	UTR3	0.247933884297521	0.326764600501612	0.000628349719222385	0.011312165034453	-0.415652057346749	7	7	Down
MMP16:chr8:88032011-88032377:-1	UTR3	0.198347107438017	0.361519168756718	0.000667891841844442	0.0117786523362013	-0.434138637201914	14	14	Down
SERINC5:chr5:80138733-80139517:-1	UTR3	0.245867768595041	0.353278394840559	0.000705915998012263	0.012270361701081	-0.365806043357441	5	5	Down
TMEM123:chr11:102396332-102396894:-1	UTR3	0.0599173553719008	0.114654245790039	0.000734381624350895	0.0126922127019959	-0.698846200291529	2	2	Down
SYNE1:chr6:152121684-152122100:-1	UTR3	0.0619834710743802	0.115370834826227	0.000863298634316971	0.0144656327949678	-0.745069259026317	2	2	Down
SYNE1:chr6:152121684-152122319:-1	UTR3	0.0619834710743802	0.11752060193479	0.000943134078281293	0.015418967674388	-0.729235189080014	1	2	Down
GPR155:chr2:174432189-174432663:-1	UTR3	0.0909090909090909	0.141168040128986	0.000910428304221085	0.0150059422676658	-0.638669688298199	5	5	Down
GPR155:chr2:174434646-174435282:-1	UTR3	0.175619834710744	0.218201361519169	0.00220467801214121	0.0281947088698566	-0.389923572783661	3	5	Down
HNRNPDL:chr4:82424583-82425063:-1	UTR3	0.369834710743802	0.460408455750627	0.00100787091940837	0.0160711933035057	-0.317408302355425	3	7	Down
KMT2C:chr7:152134922-152135377:-1	UTR3	0.0785123966942149	0.108563238982444	0.00100983012725292	0.0160711933035057	-0.81509711361035	2	2	Down
ACSL6:chr5:131949973-131950229:-1	UTR3	0.0785123966942149	0.149408814045145	0.00103236760667324	0.0162624782624127	-0.618766439866826	2	3	Down
OPHN1:chrX:68042344-68042608:-1	UTR3	0.0826446280991736	0.150841992117521	0.00118246171119831	0.0179362407275208	-0.68911504123486	6	6	Down
TCF4:chr18:55223226-55223768:-1	UTR3	0.12603305785124	0.182371909709781	0.00121865381053671	0.0183831344138069	-0.556936205181349	6	6	Down
DSCAM:chr21:40012348-40012853:-1	UTR3	0.148760330578512	0.228950197061985	0.0012561996497612	0.0187474085796543	-0.406255487076479	2	2	Down
C6orf62:chr6:24704861-24705439:-1	UTR3	0.119834710743802	0.209243998566822	0.00128074933971011	0.0189883645978099	-0.524073953240613	3	3	Down
TAOK3:chr12:118149801-118150399:-1	UTR3	0.206611570247934	0.212826943747761	0.00138826709510106	0.0200724167260462	-0.388191621236987	3	3	Down
SERPINE2:chr2:223975045-223975439:-1	UTR3	0.347107438016529	0.478681476173415	0.0014395997120677	0.0206197333730997	-0.31086508005263	10	12	Down
SERPINE2:chr2:223975180-223975456:-1	UTR3	0.359504132231405	0.488713722680043	0.00261690189596065	0.0322395917895438	-0.288439100523747	8	12	Down
BBS2:chr16:56484278-56484821:-1	UTR3	0.165289256198347	0.218559656037263	0.0015772837357141	0.022085623419756	-0.489304823596916	1	3	Down
ANKRD36C:chr2:95980527-95987003:-1	UTR3	0.173553719008264	0.218559656037263	0.00162585347419983	0.0225568524436577	-0.497003035638266	1	3	Down
SPATA6:chr1:48399501-48399958:-1	UTR3	0.243801652892562	0.255105696882838	0.00177180560826017	0.0240257853452496	-0.392309685633948	1	4	Down
CAPZB:chr1:19338775-19339244:-1	UTR3	0.150826446280992	0.159799355069867	0.00203066100341535	0.0264160610960418	-0.408769658531755	3	3	Down
ASB3:chr2:53669960-53670319:-1	UTR3	0.0661157024793388	0.124686492296668	0.00243467662470839	0.0305546865204586	-0.667437190360918	2	2	Down
UBE2V1:chr20:50081124-50082056:-1	UTR3	0.0909090909090909	0.111071300609101	0.00263959098367473	0.0323871924142971	-0.606731869415217	3	3	Down
CASK:chrX:41519048-41519822:-1	UTR3	0.130165289256198	0.186671443926908	0.00271259314563711	0.0330150421286899	-0.512780786696853	3	3	Down
TIA1:chr2:70210155-70210674:-1	UTR3	0.105371900826446	0.154066642780365	0.00284953326174253	0.0341843050932602	-0.584378748503621	7	7	Down
MEGF11:chr15:65895200-65895836:-1	UTR3	0.21900826446281	0.368685059118596	0.00284992553289286	0.0341843050932602	-0.364159606699427	3	3	Down
ZMYND8:chr20:47209214-47210061:-1	UTR3	0.0991735537190083	0.199928341096381	0.00300108579136387	0.0353870720311112	-0.397263416062986	2	2	Down
EIF4G3:chr1:20806349-20807177:-1	UTR3	0.12396694214876	0.18774632748119	0.00305964853333405	0.0357984796482353	-0.502276619405222	3	3	Down
LSAMP:chr3:115802363-115803112:-1	UTR3	0.144628099173554	0.212468649229667	0.0030974424183626	0.0359624360627166	-0.50943748114335	8	8	Down
RSRP1:chr1:25242249-25242648:-1	UTR3	0.161157024793388	0.240773916159083	0.0034565227435777	0.0390813197680402	-0.441443024326262	4	4	Down
RSRP1:chr1:25242249-25244299:-1	UTR3	0.347107438016529	0.427087065567897	0.00424894717748239	0.0458144054841194	-0.278435130165549	3	4	Down
RBM39:chr20:35704218-35705486:-1	UTR3	0.0702479338842975	0.12396990326048	0.00365178276657331	0.0407557822048006	-0.679869907658278	1	2	Down
PIP4K2A:chr10:22534854-22535450:-1	UTR3	0.0785123966942149	0.116804012898603	0.00382591332324705	0.0421547353229898	-0.514917914717174	2	2	Down
SLITRK3:chr3:165186720-165187098:-1	UTR3	0.0971074380165289	0.165532067359369	0.00412731734208818	0.0449840407248493	-0.40865600847139	2	2	Down
DEK:chr6:18249545-18258020:-1	UTR3	0.113636363636364	0.160515944106055	0.0044337798241527	0.0469701123577928	-0.531153795302201	2	5	Down
